"Populatie";"Kenmerken van huishoudens";"Perioden";"Regio's";"Inkomen/Gemiddeld gestandaardiseerd inkomen (1 000 euro)";"Inkomen/Mediaan gestandaardiseerd inkomen (1 000 euro)";"Inkomen/Gemiddeld besteedbaar inkomen (1 000 euro)";"Inkomen/Mediaan besteedbaar inkomen (1 000 euro)";"Verdeling inkomen/Gestandaardiseerd inkomen: 1e 10%-groep (%)";"Verdeling inkomen/Gestandaardiseerd inkomen: 2e 10%-groep (%)";"Verdeling inkomen/Gestandaardiseerd inkomen: 3e 10%-groep (%)";"Verdeling inkomen/Gestandaardiseerd inkomen: 4e 10%-groep (%)";"Verdeling inkomen/Gestandaardiseerd inkomen: 5e 10%-groep (%)";"Verdeling inkomen/Gestandaardiseerd inkomen: 6e 10%-groep (%)";"Verdeling inkomen/Gestandaardiseerd inkomen: 7e 10%-groep (%)";"Verdeling inkomen/Gestandaardiseerd inkomen: 8e 10%-groep (%)";"Verdeling inkomen/Gestandaardiseerd inkomen: 9e 10%-groep (%)";"Verdeling inkomen/Gestandaardiseerd inkomen: 10e 10%-groep (%)"
"Particuliere huishoudens incl. studenten";"Type: Eenpersoonshuishouden";"2024*";"Aa en Hunze";32,8;29,9;32,8;29,9;13;13;17;14;11;9;8;7;5;3
"Particuliere huishoudens incl. studenten";"Type: Eenpersoonshuishouden";"2024*";"Aalsmeer";42;30,6;42;30,6;12;13;16;14;12;10;7;6;5;5
"Particuliere huishoudens incl. studenten";"Type: Eenpersoonshuishouden";"2024*";"Aalten";31,8;30,1;31,8;30,1;9;15;17;17;14;10;8;5;3;2
"Particuliere huishoudens incl. studenten";"Type: Eenpersoonshuishouden";"2024*";"Achtkarspelen";29,6;27,3;29,6;27,3;16;19;18;13;11;8;6;3;2;2
"Particuliere huishoudens incl. studenten";"Type: Eenpersoonshuishouden";"2024*";"Alblasserdam";31,7;28,8;31,6;28,8;12;15;20;14;11;9;7;5;4;3
"Particuliere huishoudens incl. studenten";"Type: Eenpersoonshuishouden";"2024*";"Albrandswaard";36,7;32,5;36,7;32,5;10;11;16;13;11;9;9;8;7;6
"Particuliere huishoudens incl. studenten";"Type: Eenpersoonshuishouden";"2024*";"Alkmaar";33,4;30,6;33,3;30,6;13;15;14;13;12;10;9;6;5;4
"Particuliere huishoudens incl. studenten";"Type: Eenpersoonshuishouden";"2024*";"Almelo";34,7;27,4;34,6;27,3;16;20;17;13;10;8;6;4;3;2
"Particuliere huishoudens incl. studenten";"Type: Eenpersoonshuishouden";"2024*";"Almere";33,2;30,6;33,2;30,6;15;15;13;12;11;10;8;7;5;4
"Particuliere huishoudens incl. studenten";"Type: Eenpersoonshuishouden";"2024*";"Alphen aan den Rijn";35;32,1;35;32,1;11;12;15;13;13;11;9;8;6;4
"Particuliere huishoudens incl. studenten";"Type: Eenpersoonshuishouden";"2024*";"Alphen-Chaam";;32,1;;32,1;10;10;15;15;13;10;9;7;6;4
"Particuliere huishoudens incl. studenten";"Type: Eenpersoonshuishouden";"2024*";"Altena";33,8;29,8;33,8;29,8;11;14;19;15;11;8;8;6;4;4
"Particuliere huishoudens incl. studenten";"Type: Eenpersoonshuishouden";"2024*";"Ameland";;;;;;;;;;;;;;
"Particuliere huishoudens incl. studenten";"Type: Eenpersoonshuishouden";"2024*";"Amersfoort";34,5;31,1;34,5;31,1;13;15;13;12;11;10;9;7;6;5
"Particuliere huishoudens incl. studenten";"Type: Eenpersoonshuishouden";"2024*";"Amstelveen";35,4;29,8;35,4;29,8;21;12;12;11;10;8;7;6;6;7
"Particuliere huishoudens incl. studenten";"Type: Eenpersoonshuishouden";"2024*";"Amsterdam";35,6;28,4;35,5;28,4;24;15;11;9;9;7;6;6;5;7
"Particuliere huishoudens incl. studenten";"Type: Eenpersoonshuishouden";"2024*";"Apeldoorn";35,1;29,8;35,1;29,7;14;15;15;13;12;9;8;6;4;3
"Particuliere huishoudens incl. studenten";"Type: Eenpersoonshuishouden";"2024*";"Arnhem";30;27,1;30;27,1;23;17;13;12;10;8;6;5;4;3
"Particuliere huishoudens incl. studenten";"Type: Eenpersoonshuishouden";"2024*";"Assen";31,3;29,1;31,3;29,1;15;15;16;14;12;10;7;5;4;2
"Particuliere huishoudens incl. studenten";"Type: Eenpersoonshuishouden";"2024*";"Asten";;29,8;;29,8;12;14;18;15;13;8;8;6;4;3
"Particuliere huishoudens incl. studenten";"Type: Eenpersoonshuishouden";"2024*";"Baarle-Nassau";;30,4;;30,4;11;13;16;17;13;9;9;6;4;3
"Particuliere huishoudens incl. studenten";"Type: Eenpersoonshuishouden";"2024*";"Baarn";36;32,2;35,9;32,1;10;12;14;14;12;10;8;7;6;6
"Particuliere huishoudens incl. studenten";"Type: Eenpersoonshuishouden";"2024*";"Barendrecht";37,7;32,4;37,6;32,3;10;12;16;12;10;9;8;8;8;7
"Particuliere huishoudens incl. studenten";"Type: Eenpersoonshuishouden";"2024*";"Barneveld";34,7;30,3;34,7;30,3;13;14;16;15;12;9;8;6;4;3
"Particuliere huishoudens incl. studenten";"Type: Eenpersoonshuishouden";"2024*";"Beek (L.)";32,8;30,2;32,7;30,2;10;16;17;14;11;11;8;6;4;3
"Particuliere huishoudens incl. studenten";"Type: Eenpersoonshuishouden";"2024*";"Beekdaelen";34,2;30,3;34,1;30,3;11;14;17;15;12;9;8;6;4;3
"Particuliere huishoudens incl. studenten";"Type: Eenpersoonshuishouden";"2024*";"Beesel";;29,2;;29,1;11;15;19;17;11;10;7;6;2;2
"Particuliere huishoudens incl. studenten";"Type: Eenpersoonshuishouden";"2024*";"Berg en Dal";33,6;28,3;33,5;28,2;16;16;18;13;11;8;7;5;4;3
"Particuliere huishoudens incl. studenten";"Type: Eenpersoonshuishouden";"2024*";"Bergeijk";;31,9;;31,9;9;11;15;16;14;11;8;7;5;4
"Particuliere huishoudens incl. studenten";"Type: Eenpersoonshuishouden";"2024*";"Bergen (L.)";;28,7;;28,6;11;15;22;14;11;9;9;4;4;2
"Particuliere huishoudens incl. studenten";"Type: Eenpersoonshuishouden";"2024*";"Bergen (NH.)";43,1;32,5;43,1;32,4;11;13;14;12;10;9;9;8;7;8
"Particuliere huishoudens incl. studenten";"Type: Eenpersoonshuishouden";"2024*";"Bergen op Zoom";32,1;29,1;32;29;14;17;16;13;11;9;7;6;4;3
"Particuliere huishoudens incl. studenten";"Type: Eenpersoonshuishouden";"2024*";"Berkelland";32,7;29,8;32,6;29,7;11;14;18;15;13;10;8;5;3;2
"Particuliere huishoudens incl. studenten";"Type: Eenpersoonshuishouden";"2024*";"Bernheze";35,4;30,5;35,3;30,5;11;13;18;14;14;10;7;6;4;3
"Particuliere huishoudens incl. studenten";"Type: Eenpersoonshuishouden";"2024*";"Best";41,7;31,5;41,7;31,4;11;12;16;14;12;10;9;7;5;5
"Particuliere huishoudens incl. studenten";"Type: Eenpersoonshuishouden";"2024*";"Beuningen";33,6;30,2;33,6;30,2;11;15;16;13;11;10;9;6;4;3
"Particuliere huishoudens incl. studenten";"Type: Eenpersoonshuishouden";"2024*";"Beverwijk";33,1;30,8;33,1;30,7;12;14;16;12;12;11;9;6;4;3
"Particuliere huishoudens incl. studenten";"Type: Eenpersoonshuishouden";"2024*";"De Bilt";37,6;32,2;37,6;32,2;13;12;13;12;11;9;8;7;7;7
"Particuliere huishoudens incl. studenten";"Type: Eenpersoonshuishouden";"2024*";"Bladel";34,3;31,8;34,2;31,8;9;12;16;15;15;11;9;6;4;3
"Particuliere huishoudens incl. studenten";"Type: Eenpersoonshuishouden";"2024*";"Blaricum";;34,3;;34,3;11;10;12;12;11;10;7;8;7;12
"Particuliere huishoudens incl. studenten";"Type: Eenpersoonshuishouden";"2024*";"Bloemendaal";50,9;34,1;50,5;34;13;11;11;11;10;7;8;7;8;13
"Particuliere huishoudens incl. studenten";"Type: Eenpersoonshuishouden";"2024*";"Bodegraven-Reeuwijk";40;32;39,9;31,9;12;12;14;13;12;10;9;8;5;5
"Particuliere huishoudens incl. studenten";"Type: Eenpersoonshuishouden";"2024*";"Boekel";;30,6;;30,6;10;14;17;14;11;12;10;6;4;3
"Particuliere huishoudens incl. studenten";"Type: Eenpersoonshuishouden";"2024*";"Borger-Odoorn";32,4;29,2;32,3;29,2;14;15;17;13;12;9;8;5;4;2
"Particuliere huishoudens incl. studenten";"Type: Eenpersoonshuishouden";"2024*";"Borne";34,1;30,4;34;30,4;10;14;17;15;13;10;9;6;4;3
"Particuliere huishoudens incl. studenten";"Type: Eenpersoonshuishouden";"2024*";"Borsele";34,5;31,3;34,4;31,2;10;14;16;14;11;10;10;8;4;4
"Particuliere huishoudens incl. studenten";"Type: Eenpersoonshuishouden";"2024*";"Boxtel";32,9;29,6;32,8;29,6;12;14;18;14;12;9;7;6;3;3
"Particuliere huishoudens incl. studenten";"Type: Eenpersoonshuishouden";"2024*";"Breda";32,5;28,8;32,4;28,8;21;14;13;12;11;8;7;6;4;4
"Particuliere huishoudens incl. studenten";"Type: Eenpersoonshuishouden";"2024*";"Bronckhorst";34,3;30,1;34,3;30,1;12;15;17;14;12;10;8;6;4;3
"Particuliere huishoudens incl. studenten";"Type: Eenpersoonshuishouden";"2024*";"Brummen";34,7;29,5;34,6;29,5;12;14;19;13;10;10;8;6;4;4
"Particuliere huishoudens incl. studenten";"Type: Eenpersoonshuishouden";"2024*";"Brunssum";30,6;28,1;30,5;28,1;12;19;20;14;11;10;7;4;2;1
"Particuliere huishoudens incl. studenten";"Type: Eenpersoonshuishouden";"2024*";"Bunnik";;33,6;;33,6;14;10;11;11;12;8;11;9;7;6
"Particuliere huishoudens incl. studenten";"Type: Eenpersoonshuishouden";"2024*";"Bunschoten";;31,1;;31,1;10;11;17;17;13;10;9;6;4;3
"Particuliere huishoudens incl. studenten";"Type: Eenpersoonshuishouden";"2024*";"Buren";34,3;30,3;34,3;30,3;12;13;17;14;11;9;8;6;5;5
"Particuliere huishoudens incl. studenten";"Type: Eenpersoonshuishouden";"2024*";"Capelle aan den IJssel";32,5;29,9;32,5;29,9;14;16;15;12;11;9;8;7;5;3
"Particuliere huishoudens incl. studenten";"Type: Eenpersoonshuishouden";"2024*";"Castricum";40;34;39,9;34;10;10;12;13;12;11;10;8;7;6
"Particuliere huishoudens incl. studenten";"Type: Eenpersoonshuishouden";"2024*";"Coevorden";32;29,1;31,9;29;13;16;18;14;11;9;9;5;3;2
"Particuliere huishoudens incl. studenten";"Type: Eenpersoonshuishouden";"2024*";"Cranendonck";36,1;31,6;36;31,6;9;13;16;14;13;10;10;6;5;3
"Particuliere huishoudens incl. studenten";"Type: Eenpersoonshuishouden";"2024*";"Culemborg";35;31,4;35;31,4;11;13;16;12;12;10;9;8;6;4
"Particuliere huishoudens incl. studenten";"Type: Eenpersoonshuishouden";"2024*";"Dalfsen";34;30,9;34;30,9;10;13;15;16;13;11;9;5;4;3
"Particuliere huishoudens incl. studenten";"Type: Eenpersoonshuishouden";"2024*";"Dantumadiel";29;26,9;28,9;26,9;15;20;21;15;11;7;5;3;2;2
"Particuliere huishoudens incl. studenten";"Type: Eenpersoonshuishouden";"2024*";"Delft";25,1;24;25;24;40;11;10;9;9;6;5;4;3;2
"Particuliere huishoudens incl. studenten";"Type: Eenpersoonshuishouden";"2024*";"Deurne";32,9;29,7;32,9;29,7;11;14;19;15;12;9;8;6;4;3
"Particuliere huishoudens incl. studenten";"Type: Eenpersoonshuishouden";"2024*";"Deventer";31,1;29;31,1;28,9;17;15;15;13;12;9;7;5;4;3
"Particuliere huishoudens incl. studenten";"Type: Eenpersoonshuishouden";"2024*";"Diemen";31,8;30;31,8;29,9;25;11;10;10;10;8;7;7;7;5
"Particuliere huishoudens incl. studenten";"Type: Eenpersoonshuishouden";"2024*";"Dijk en Waard";34,6;31,9;34,5;31,8;11;13;14;13;13;11;9;7;5;3
"Particuliere huishoudens incl. studenten";"Type: Eenpersoonshuishouden";"2024*";"Dinkelland";34,1;30,5;34;30,4;11;14;16;16;14;10;8;5;4;3
"Particuliere huishoudens incl. studenten";"Type: Eenpersoonshuishouden";"2024*";"Doesburg";;27,9;;27,8;12;21;18;12;10;8;7;5;4;3
"Particuliere huishoudens incl. studenten";"Type: Eenpersoonshuishouden";"2024*";"Doetinchem";32,5;28,6;32,5;28,6;14;17;17;14;11;8;7;5;4;3
"Particuliere huishoudens incl. studenten";"Type: Eenpersoonshuishouden";"2024*";"Dongen";33,4;30,7;33,4;30,7;12;13;16;14;12;10;8;7;4;3
"Particuliere huishoudens incl. studenten";"Type: Eenpersoonshuishouden";"2024*";"Dordrecht";32,6;29,8;32,6;29,7;14;16;15;12;12;9;8;6;5;3
"Particuliere huishoudens incl. studenten";"Type: Eenpersoonshuishouden";"2024*";"Drechterland";34,2;30,7;34,2;30,7;11;13;17;13;12;9;9;6;4;4
"Particuliere huishoudens incl. studenten";"Type: Eenpersoonshuishouden";"2024*";"Drimmelen";34,1;30,3;34,1;30,3;10;14;19;14;13;9;7;6;5;3
"Particuliere huishoudens incl. studenten";"Type: Eenpersoonshuishouden";"2024*";"Dronten";30,8;28,7;30,7;28,7;20;13;15;12;10;9;8;6;4;3
"Particuliere huishoudens incl. studenten";"Type: Eenpersoonshuishouden";"2024*";"Druten";38,3;29,9;38,3;29,8;11;15;18;14;11;9;9;5;4;3
"Particuliere huishoudens incl. studenten";"Type: Eenpersoonshuishouden";"2024*";"Duiven";33,4;29,5;33,3;29,5;10;16;19;13;11;9;8;6;4;3
"Particuliere huishoudens incl. studenten";"Type: Eenpersoonshuishouden";"2024*";"Echt-Susteren";32,9;30,1;32,8;30,1;10;15;17;15;12;10;8;6;4;3
"Particuliere huishoudens incl. studenten";"Type: Eenpersoonshuishouden";"2024*";"Edam-Volendam";36,3;32,7;36,3;32,7;9;12;15;14;13;10;10;8;5;5
"Particuliere huishoudens incl. studenten";"Type: Eenpersoonshuishouden";"2024*";"Ede";33,5;30,3;33,4;30,3;15;13;14;14;12;10;8;6;4;3
"Particuliere huishoudens incl. studenten";"Type: Eenpersoonshuishouden";"2024*";"Eemnes";;33,5;;33,5;8;12;14;13;13;9;9;9;8;5
"Particuliere huishoudens incl. studenten";"Type: Eenpersoonshuishouden";"2024*";"Eemsdelta";30,5;28,3;30,5;28,3;14;17;18;14;12;9;6;4;3;2
"Particuliere huishoudens incl. studenten";"Type: Eenpersoonshuishouden";"2024*";"Eersel";35,1;31,7;35;31,7;9;12;16;14;13;9;8;8;5;5
"Particuliere huishoudens incl. studenten";"Type: Eenpersoonshuishouden";"2024*";"Eijsden-Margraten";36,1;31,9;36,1;31,9;11;10;15;15;13;9;9;7;5;4
"Particuliere huishoudens incl. studenten";"Type: Eenpersoonshuishouden";"2024*";"Eindhoven";31,3;28,3;31,3;28,3;24;13;12;11;10;9;7;5;5;4
"Particuliere huishoudens incl. studenten";"Type: Eenpersoonshuishouden";"2024*";"Elburg";32,6;29,8;32,5;29,8;11;14;18;15;13;8;8;5;4;3
"Particuliere huishoudens incl. studenten";"Type: Eenpersoonshuishouden";"2024*";"Emmen";30,1;27,6;30,1;27,6;16;17;19;14;11;8;6;4;2;2
"Particuliere huishoudens incl. studenten";"Type: Eenpersoonshuishouden";"2024*";"Enkhuizen";33,2;29,4;33,2;29,4;12;15;17;15;11;10;8;5;3;3
"Particuliere huishoudens incl. studenten";"Type: Eenpersoonshuishouden";"2024*";"Enschede";26,3;25,2;26,2;25,1;30;17;14;11;9;7;5;3;2;2
"Particuliere huishoudens incl. studenten";"Type: Eenpersoonshuishouden";"2024*";"Epe";37;30;36,8;29,9;11;14;18;15;12;9;8;5;4;3
"Particuliere huishoudens incl. studenten";"Type: Eenpersoonshuishouden";"2024*";"Ermelo";33,1;30;33,1;29,9;12;14;16;16;12;9;8;5;4;3
"Particuliere huishoudens incl. studenten";"Type: Eenpersoonshuishouden";"2024*";"Etten-Leur";34,2;30,1;34,1;30,1;13;15;16;14;12;10;8;6;5;3
"Particuliere huishoudens incl. studenten";"Type: Eenpersoonshuishouden";"2024*";"De Fryske Marren";33,6;29,8;33,6;29,7;13;14;17;14;11;9;8;5;4;4
"Particuliere huishoudens incl. studenten";"Type: Eenpersoonshuishouden";"2024*";"Geertruidenberg";34,9;29,9;34,9;29,8;11;14;19;14;12;10;8;5;4;3
"Particuliere huishoudens incl. studenten";"Type: Eenpersoonshuishouden";"2024*";"Geldrop-Mierlo";33,8;31;33,7;30,9;12;14;15;13;13;10;9;6;5;4
"Particuliere huishoudens incl. studenten";"Type: Eenpersoonshuishouden";"2024*";"Gemert-Bakel";33,8;29,5;33,7;29,5;12;14;19;15;12;9;7;5;4;3
"Particuliere huishoudens incl. studenten";"Type: Eenpersoonshuishouden";"2024*";"Gennep";32;29,9;32;29,9;14;13;16;15;13;11;8;5;4;2
"Particuliere huishoudens incl. studenten";"Type: Eenpersoonshuishouden";"2024*";"Gilze en Rijen";34;29,9;33,9;29,9;11;14;18;14;12;10;8;6;4;3
"Particuliere huishoudens incl. studenten";"Type: Eenpersoonshuishouden";"2024*";"Goeree-Overflakkee";35,9;30,6;35,9;30,6;10;14;18;12;11;9;8;7;6;4
"Particuliere huishoudens incl. studenten";"Type: Eenpersoonshuishouden";"2024*";"Goes";35,1;29,4;34,8;29,3;14;15;17;13;12;9;7;6;4;3
"Particuliere huishoudens incl. studenten";"Type: Eenpersoonshuishouden";"2024*";"Goirle";35,5;30,6;35,5;30,6;11;15;17;12;11;10;8;7;5;4
"Particuliere huishoudens incl. studenten";"Type: Eenpersoonshuishouden";"2024*";"Gooise Meren";40,3;32,6;40,2;32,6;12;13;13;12;10;9;8;7;7;9
"Particuliere huishoudens incl. studenten";"Type: Eenpersoonshuishouden";"2024*";"Gorinchem";32,8;29,2;32,8;29,2;11;17;18;13;11;9;7;5;5;3
"Particuliere huishoudens incl. studenten";"Type: Eenpersoonshuishouden";"2024*";"Gouda";33,5;29,9;33,4;29,8;15;15;15;12;11;9;8;7;5;3
"Particuliere huishoudens incl. studenten";"Type: Eenpersoonshuishouden";"2024*";"'s-Gravenhage (gemeente)";31,8;28,2;31,8;28,2;22;16;11;10;10;8;7;5;5;5
"Particuliere huishoudens incl. studenten";"Type: Eenpersoonshuishouden";"2024*";"Groningen (gemeente)";25,4;23,3;25,3;23,2;39;13;11;10;8;6;5;4;3;2
"Particuliere huishoudens incl. studenten";"Type: Eenpersoonshuishouden";"2024*";"Gulpen-Wittem";;29,2;;29,2;12;15;19;15;11;9;7;5;4;4
"Particuliere huishoudens incl. studenten";"Type: Eenpersoonshuishouden";"2024*";"Haaksbergen";35;30,2;34,9;30,2;10;13;18;15;13;10;8;5;4;3
"Particuliere huishoudens incl. studenten";"Type: Eenpersoonshuishouden";"2024*";"Haarlem";35,2;31,4;35,2;31,4;14;14;13;11;11;10;8;7;6;6
"Particuliere huishoudens incl. studenten";"Type: Eenpersoonshuishouden";"2024*";"Haarlemmermeer";36,5;32,1;36,4;32,1;12;12;14;12;12;9;9;7;6;5
"Particuliere huishoudens incl. studenten";"Type: Eenpersoonshuishouden";"2024*";"Halderberge";32,7;29,9;32,6;29,9;13;13;18;15;12;9;8;6;4;3
"Particuliere huishoudens incl. studenten";"Type: Eenpersoonshuishouden";"2024*";"Hardenberg";33,9;29,3;33,8;29,3;12;15;19;15;12;10;7;5;3;2
"Particuliere huishoudens incl. studenten";"Type: Eenpersoonshuishouden";"2024*";"Harderwijk";34;30,1;33,9;30;12;15;16;14;12;10;8;6;4;4
"Particuliere huishoudens incl. studenten";"Type: Eenpersoonshuishouden";"2024*";"Hardinxveld-Giessendam";;29,9;;29,9;10;15;18;14;11;9;9;6;4;3
"Particuliere huishoudens incl. studenten";"Type: Eenpersoonshuishouden";"2024*";"Harlingen";30,9;27,4;30,6;27,4;18;17;18;12;10;8;7;5;4;3
"Particuliere huishoudens incl. studenten";"Type: Eenpersoonshuishouden";"2024*";"Hattem";;31,5;;31,5;9;11;17;16;14;11;9;6;4;4
"Particuliere huishoudens incl. studenten";"Type: Eenpersoonshuishouden";"2024*";"Heemskerk";34,2;31,4;34,1;31,3;10;13;16;14;12;11;9;7;5;3
"Particuliere huishoudens incl. studenten";"Type: Eenpersoonshuishouden";"2024*";"Heemstede";41,4;34,9;41,3;34,9;8;11;13;12;11;9;9;10;8;11
"Particuliere huishoudens incl. studenten";"Type: Eenpersoonshuishouden";"2024*";"Heerde";;31;;31;8;13;18;16;13;10;9;6;4;3
"Particuliere huishoudens incl. studenten";"Type: Eenpersoonshuishouden";"2024*";"Heerenveen";31,7;28,5;31,6;28,4;16;16;17;14;11;9;7;5;3;2
"Particuliere huishoudens incl. studenten";"Type: Eenpersoonshuishouden";"2024*";"Heerlen";29,1;26,8;29,1;26,8;18;21;18;13;10;7;6;3;3;2
"Particuliere huishoudens incl. studenten";"Type: Eenpersoonshuishouden";"2024*";"Heeze-Leende";;33,7;;33,7;10;9;14;13;12;11;10;8;7;6
"Particuliere huishoudens incl. studenten";"Type: Eenpersoonshuishouden";"2024*";"Heiloo";36,3;32,9;36,2;32,8;14;12;12;11;11;11;9;8;6;6
"Particuliere huishoudens incl. studenten";"Type: Eenpersoonshuishouden";"2024*";"Den Helder";31,7;29,7;31,7;29,7;13;15;16;13;12;10;8;5;4;2
"Particuliere huishoudens incl. studenten";"Type: Eenpersoonshuishouden";"2024*";"Hellendoorn";34,4;30,4;34,3;30,4;9;14;17;16;13;10;8;5;4;2
"Particuliere huishoudens incl. studenten";"Type: Eenpersoonshuishouden";"2024*";"Helmond";31,3;28,4;31,2;28,4;14;18;17;13;12;9;7;5;3;3
"Particuliere huishoudens incl. studenten";"Type: Eenpersoonshuishouden";"2024*";"Hendrik-Ido-Ambacht";36,4;31,5;36,3;31,5;10;13;17;12;10;10;9;7;7;4
"Particuliere huishoudens incl. studenten";"Type: Eenpersoonshuishouden";"2024*";"Hengelo (O.)";30,8;28,5;30,8;28,5;16;16;16;14;11;9;7;5;4;2
"Particuliere huishoudens incl. studenten";"Type: Eenpersoonshuishouden";"2024*";"'s-Hertogenbosch";33,9;29,6;33,8;29,6;16;15;15;12;11;9;8;6;5;5
"Particuliere huishoudens incl. studenten";"Type: Eenpersoonshuishouden";"2024*";"Heumen";;31,5;;31,4;13;13;15;12;11;11;9;6;6;5
"Particuliere huishoudens incl. studenten";"Type: Eenpersoonshuishouden";"2024*";"Heusden";33,4;29,8;33,3;29,8;12;15;17;14;12;9;8;6;5;3
"Particuliere huishoudens incl. studenten";"Type: Eenpersoonshuishouden";"2024*";"Hillegom";33,7;31;33,6;31;9;13;16;16;12;10;8;7;5;3
"Particuliere huishoudens incl. studenten";"Type: Eenpersoonshuishouden";"2024*";"Hilvarenbeek";;32,2;;32,2;10;12;15;14;13;10;10;7;5;5
"Particuliere huishoudens incl. studenten";"Type: Eenpersoonshuishouden";"2024*";"Hilversum";33,8;30,4;33,7;30,3;14;15;14;12;12;9;8;7;5;4
"Particuliere huishoudens incl. studenten";"Type: Eenpersoonshuishouden";"2024*";"Hoeksche Waard";36,3;31,8;36,2;31,8;9;13;17;13;11;10;9;8;6;5
"Particuliere huishoudens incl. studenten";"Type: Eenpersoonshuishouden";"2024*";"Hof van Twente";34;30,1;33,9;30,1;12;14;17;15;12;10;8;5;4;3
"Particuliere huishoudens incl. studenten";"Type: Eenpersoonshuishouden";"2024*";"Het Hogeland";30,9;28,5;30,8;28,5;14;16;19;14;11;9;7;4;3;2
"Particuliere huishoudens incl. studenten";"Type: Eenpersoonshuishouden";"2024*";"Hollands Kroon";33;29,8;32,9;29,8;12;13;19;14;12;10;8;6;4;3
"Particuliere huishoudens incl. studenten";"Type: Eenpersoonshuishouden";"2024*";"Hoogeveen";32,3;28,7;32,3;28,7;13;17;18;15;12;10;7;5;2;2
"Particuliere huishoudens incl. studenten";"Type: Eenpersoonshuishouden";"2024*";"Hoorn";35,9;29,8;35,8;29,8;12;17;16;13;12;9;8;6;5;3
"Particuliere huishoudens incl. studenten";"Type: Eenpersoonshuishouden";"2024*";"Horst aan de Maas";32,6;29,9;32,5;29,8;12;13;18;16;13;9;8;5;3;3
"Particuliere huishoudens incl. studenten";"Type: Eenpersoonshuishouden";"2024*";"Houten";36,7;32,4;36,6;32,4;11;12;14;13;12;10;8;8;7;6
"Particuliere huishoudens incl. studenten";"Type: Eenpersoonshuishouden";"2024*";"Huizen";37,6;30,9;37,5;30,9;10;15;16;12;11;9;8;7;6;6
"Particuliere huishoudens incl. studenten";"Type: Eenpersoonshuishouden";"2024*";"Hulst";34;30,6;33,9;30,6;11;14;17;13;12;10;9;6;5;4
"Particuliere huishoudens incl. studenten";"Type: Eenpersoonshuishouden";"2024*";"IJsselstein";36,1;32,1;36;32;10;13;15;13;12;10;8;8;6;5
"Particuliere huishoudens incl. studenten";"Type: Eenpersoonshuishouden";"2024*";"Kaag en Braassem";37,5;31,2;37,4;31,2;11;12;16;14;12;10;8;6;5;5
"Particuliere huishoudens incl. studenten";"Type: Eenpersoonshuishouden";"2024*";"Kampen";31,6;29,2;31,5;29,2;12;16;18;14;12;9;7;5;3;2
"Particuliere huishoudens incl. studenten";"Type: Eenpersoonshuishouden";"2024*";"Kapelle";;31,5;;31,5;12;12;16;13;12;9;10;9;5;3
"Particuliere huishoudens incl. studenten";"Type: Eenpersoonshuishouden";"2024*";"Katwijk";33,9;30,7;33,8;30,7;11;14;16;14;12;10;8;7;4;3
"Particuliere huishoudens incl. studenten";"Type: Eenpersoonshuishouden";"2024*";"Kerkrade";28,8;27;28,8;27;16;21;20;14;10;7;5;3;2;1
"Particuliere huishoudens incl. studenten";"Type: Eenpersoonshuishouden";"2024*";"Koggenland";34,6;32,1;34,6;32,1;11;11;15;13;14;12;9;7;4;4
"Particuliere huishoudens incl. studenten";"Type: Eenpersoonshuishouden";"2024*";"Krimpen aan den IJssel";34;30;34;29,9;10;15;18;13;11;9;7;7;5;4
"Particuliere huishoudens incl. studenten";"Type: Eenpersoonshuishouden";"2024*";"Krimpenerwaard";35,6;30,6;35,5;30,6;12;13;17;14;11;9;9;7;5;4
"Particuliere huishoudens incl. studenten";"Type: Eenpersoonshuishouden";"2024*";"Laarbeek";34,6;30,2;34,5;30,1;10;15;17;15;11;10;8;6;4;3
"Particuliere huishoudens incl. studenten";"Type: Eenpersoonshuishouden";"2024*";"Land van Cuijk";33,2;30,3;33,1;30,3;10;15;17;15;13;10;8;5;4;3
"Particuliere huishoudens incl. studenten";"Type: Eenpersoonshuishouden";"2024*";"Landgraaf";30,9;28,3;30,9;28,3;13;18;18;14;12;9;7;5;3;2
"Particuliere huishoudens incl. studenten";"Type: Eenpersoonshuishouden";"2024*";"Landsmeer";;32;;32;12;11;15;13;10;9;9;8;6;8
"Particuliere huishoudens incl. studenten";"Type: Eenpersoonshuishouden";"2024*";"Lansingerland";40,2;33,4;40,1;33,4;10;12;14;12;10;9;9;8;8;8
"Particuliere huishoudens incl. studenten";"Type: Eenpersoonshuishouden";"2024*";"Laren (NH.)";;34,7;;34,7;12;12;11;10;10;8;7;8;7;16
"Particuliere huishoudens incl. studenten";"Type: Eenpersoonshuishouden";"2024*";"Leeuwarden";28;26,5;28;26,5;27;15;14;12;10;8;6;4;3;2
"Particuliere huishoudens incl. studenten";"Type: Eenpersoonshuishouden";"2024*";"Leiden";27,6;25,7;27,6;25,6;35;11;10;9;9;7;6;5;4;4
"Particuliere huishoudens incl. studenten";"Type: Eenpersoonshuishouden";"2024*";"Leiderdorp";34,9;31,9;34,8;31,9;13;12;15;12;11;10;10;7;6;5
"Particuliere huishoudens incl. studenten";"Type: Eenpersoonshuishouden";"2024*";"Leidschendam-Voorburg";36,4;32,7;36,3;32,6;12;13;13;11;11;9;9;8;7;6
"Particuliere huishoudens incl. studenten";"Type: Eenpersoonshuishouden";"2024*";"Lelystad";31,3;29,1;31,3;29,1;16;16;15;13;12;9;7;5;4;3
"Particuliere huishoudens incl. studenten";"Type: Eenpersoonshuishouden";"2024*";"Leudal";34,2;30,6;34,1;30,6;12;12;16;15;14;10;8;6;4;3
"Particuliere huishoudens incl. studenten";"Type: Eenpersoonshuishouden";"2024*";"Leusden";37,2;32,8;37,2;32,8;9;12;14;13;12;11;10;8;6;5
"Particuliere huishoudens incl. studenten";"Type: Eenpersoonshuishouden";"2024*";"Lingewaard";33,6;30,4;33,5;30,4;10;13;18;14;12;10;9;6;4;3
"Particuliere huishoudens incl. studenten";"Type: Eenpersoonshuishouden";"2024*";"Lisse";34,3;30,3;34,3;30,3;9;13;20;15;12;9;8;6;4;4
"Particuliere huishoudens incl. studenten";"Type: Eenpersoonshuishouden";"2024*";"Lochem";39;31;39;30,9;11;14;16;13;11;10;9;7;5;5
"Particuliere huishoudens incl. studenten";"Type: Eenpersoonshuishouden";"2024*";"Loon op Zand";34,3;30,4;34,3;30,4;10;14;17;15;13;10;8;5;4;4
"Particuliere huishoudens incl. studenten";"Type: Eenpersoonshuishouden";"2024*";"Lopik";;31,9;;31,9;10;12;14;15;12;10;10;8;6;4
"Particuliere huishoudens incl. studenten";"Type: Eenpersoonshuishouden";"2024*";"Losser";32,6;29,3;32,5;29,3;12;15;19;15;12;10;7;4;3;2
"Particuliere huishoudens incl. studenten";"Type: Eenpersoonshuishouden";"2024*";"Maasdriel";33,3;28,8;33,2;28,8;14;13;20;13;11;8;7;5;5;4
"Particuliere huishoudens incl. studenten";"Type: Eenpersoonshuishouden";"2024*";"Maasgouw";33,8;31,2;33,8;31,2;10;13;16;14;13;10;9;6;5;3
"Particuliere huishoudens incl. studenten";"Type: Eenpersoonshuishouden";"2024*";"Maashorst";33,5;30,1;33,4;30;12;15;16;14;12;9;8;6;4;3
"Particuliere huishoudens incl. studenten";"Type: Eenpersoonshuishouden";"2024*";"Maassluis";33,9;30,2;33,8;30,1;12;15;17;12;12;10;8;6;5;3
"Particuliere huishoudens incl. studenten";"Type: Eenpersoonshuishouden";"2024*";"Maastricht";26,1;24;26,1;24;35;15;12;9;8;6;5;4;3;3
"Particuliere huishoudens incl. studenten";"Type: Eenpersoonshuishouden";"2024*";"Medemblik";34,3;29,5;34,3;29,4;13;15;18;14;11;9;8;5;4;3
"Particuliere huishoudens incl. studenten";"Type: Eenpersoonshuishouden";"2024*";"Meerssen";34,4;30,6;34,3;30,6;11;14;16;14;11;9;8;7;6;4
"Particuliere huishoudens incl. studenten";"Type: Eenpersoonshuishouden";"2024*";"Meierijstad";36,5;30,9;36,5;30,8;10;14;16;15;13;10;8;6;4;3
"Particuliere huishoudens incl. studenten";"Type: Eenpersoonshuishouden";"2024*";"Meppel";31,4;29,2;31,3;29,2;15;15;16;14;12;10;7;5;4;2
"Particuliere huishoudens incl. studenten";"Type: Eenpersoonshuishouden";"2024*";"Middelburg (Z.)";32,3;29,4;32,2;29,3;17;14;14;12;11;9;8;6;4;3
"Particuliere huishoudens incl. studenten";"Type: Eenpersoonshuishouden";"2024*";"Midden-Delfland";;32,4;;32,4;12;10;13;14;10;10;9;7;7;6
"Particuliere huishoudens incl. studenten";"Type: Eenpersoonshuishouden";"2024*";"Midden-Drenthe";32,1;29,7;32;29,7;12;14;18;14;12;10;8;6;4;3
"Particuliere huishoudens incl. studenten";"Type: Eenpersoonshuishouden";"2024*";"Midden-Groningen";29,7;27,4;29,6;27,4;17;17;18;13;11;8;6;4;3;2
"Particuliere huishoudens incl. studenten";"Type: Eenpersoonshuishouden";"2024*";"Moerdijk";33,4;30;33,3;30;12;14;18;13;12;9;8;6;5;3
"Particuliere huishoudens incl. studenten";"Type: Eenpersoonshuishouden";"2024*";"Molenlanden";35,1;31;35;30,9;9;13;17;14;12;10;8;7;5;5
"Particuliere huishoudens incl. studenten";"Type: Eenpersoonshuishouden";"2024*";"Montferland";31,7;29,2;31,6;29,2;11;17;18;15;12;10;6;5;3;2
"Particuliere huishoudens incl. studenten";"Type: Eenpersoonshuishouden";"2024*";"Montfoort";;33,5;;33,5;8;10;13;14;13;11;10;9;7;5
"Particuliere huishoudens incl. studenten";"Type: Eenpersoonshuishouden";"2024*";"Mook en Middelaar";;32,8;;32,7;12;11;14;12;12;10;10;8;6;5
"Particuliere huishoudens incl. studenten";"Type: Eenpersoonshuishouden";"2024*";"Neder-Betuwe";31,2;28,3;31,2;28,2;15;15;20;14;11;8;6;4;4;3
"Particuliere huishoudens incl. studenten";"Type: Eenpersoonshuishouden";"2024*";"Nederweert";;29,4;;29,4;11;15;19;16;13;8;7;5;3;3
"Particuliere huishoudens incl. studenten";"Type: Eenpersoonshuishouden";"2024*";"Nieuwegein";33,8;32;33,8;32;11;13;14;13;12;11;10;7;6;3
"Particuliere huishoudens incl. studenten";"Type: Eenpersoonshuishouden";"2024*";"Nieuwkoop";36,5;32,3;36,5;32,3;10;11;14;14;13;10;9;8;5;6
"Particuliere huishoudens incl. studenten";"Type: Eenpersoonshuishouden";"2024*";"Nijkerk";34,9;30,9;34,9;30,8;12;13;16;13;12;10;8;6;5;4
"Particuliere huishoudens incl. studenten";"Type: Eenpersoonshuishouden";"2024*";"Nijmegen";27;24,8;27;24,7;33;15;12;10;8;6;5;4;3;2
"Particuliere huishoudens incl. studenten";"Type: Eenpersoonshuishouden";"2024*";"Nissewaard";32,8;30;32,7;30;12;16;17;12;11;10;9;6;6;3
"Particuliere huishoudens incl. studenten";"Type: Eenpersoonshuishouden";"2024*";"Noardeast-Fryslân";30,3;28,1;30,2;28,1;15;16;19;14;12;9;6;4;3;2
"Particuliere huishoudens incl. studenten";"Type: Eenpersoonshuishouden";"2024*";"Noord-Beveland";;32,6;;32,5;12;10;14;13;14;11;9;7;5;5
"Particuliere huishoudens incl. studenten";"Type: Eenpersoonshuishouden";"2024*";"Noordenveld";35,7;30,5;35,6;30,5;11;13;17;14;12;10;9;6;4;3
"Particuliere huishoudens incl. studenten";"Type: Eenpersoonshuishouden";"2024*";"Noordoostpolder";31,8;29,5;31,8;29,5;13;14;18;14;12;10;8;5;3;3
"Particuliere huishoudens incl. studenten";"Type: Eenpersoonshuishouden";"2024*";"Noordwijk";40,1;31,6;39,9;31,6;12;12;15;14;12;9;8;6;6;6
"Particuliere huishoudens incl. studenten";"Type: Eenpersoonshuishouden";"2024*";"Nuenen, Gerwen en Nederwetten";39,9;33,4;39,9;33,4;10;11;13;13;11;10;9;9;7;7
"Particuliere huishoudens incl. studenten";"Type: Eenpersoonshuishouden";"2024*";"Nunspeet";31,8;28,9;31,7;28,9;13;15;19;15;11;8;7;6;4;3
"Particuliere huishoudens incl. studenten";"Type: Eenpersoonshuishouden";"2024*";"Oegstgeest";40,9;35,6;40,8;35,6;13;10;11;9;9;10;10;9;10;10
"Particuliere huishoudens incl. studenten";"Type: Eenpersoonshuishouden";"2024*";"Oirschot";;32,1;;32,1;8;12;15;15;13;12;8;7;5;5
"Particuliere huishoudens incl. studenten";"Type: Eenpersoonshuishouden";"2024*";"Oisterwijk";38,3;31,4;38,2;31,3;12;13;14;13;12;9;8;7;5;6
"Particuliere huishoudens incl. studenten";"Type: Eenpersoonshuishouden";"2024*";"Oldambt";29;27,1;29;27,1;17;19;19;14;11;8;5;4;2;2
"Particuliere huishoudens incl. studenten";"Type: Eenpersoonshuishouden";"2024*";"Oldebroek";31,8;29,6;31,7;29,6;10;15;20;15;12;9;8;5;4;2
"Particuliere huishoudens incl. studenten";"Type: Eenpersoonshuishouden";"2024*";"Oldenzaal";31,8;29,4;31,7;29,4;11;16;18;15;12;10;7;5;3;2
"Particuliere huishoudens incl. studenten";"Type: Eenpersoonshuishouden";"2024*";"Olst-Wijhe";;29,4;;29,4;11;15;20;13;12;9;8;6;3;3
"Particuliere huishoudens incl. studenten";"Type: Eenpersoonshuishouden";"2024*";"Ommen";32,8;30,3;32,7;30,3;13;14;15;15;13;10;8;6;3;3
"Particuliere huishoudens incl. studenten";"Type: Eenpersoonshuishouden";"2024*";"Oost Gelre";33,1;30,7;33;30,7;9;13;18;16;14;11;8;5;4;2
"Particuliere huishoudens incl. studenten";"Type: Eenpersoonshuishouden";"2024*";"Oosterhout";36,7;29,9;36,6;29,9;12;14;18;13;11;10;8;6;4;4
"Particuliere huishoudens incl. studenten";"Type: Eenpersoonshuishouden";"2024*";"Ooststellingwerf";31,1;28,6;31,1;28,6;14;17;18;14;11;9;7;4;3;2
"Particuliere huishoudens incl. studenten";"Type: Eenpersoonshuishouden";"2024*";"Oostzaan";;31,6;;31,5;10;12;16;14;12;10;8;6;6;5
"Particuliere huishoudens incl. studenten";"Type: Eenpersoonshuishouden";"2024*";"Opmeer";;30,2;;30,2;10;14;18;14;12;9;9;6;4;3
"Particuliere huishoudens incl. studenten";"Type: Eenpersoonshuishouden";"2024*";"Opsterland";34;29,2;34;29,2;12;15;19;13;11;10;8;5;4;3
"Particuliere huishoudens incl. studenten";"Type: Eenpersoonshuishouden";"2024*";"Oss";32,3;29,3;32,3;29,2;12;17;17;14;11;9;8;6;4;2
"Particuliere huishoudens incl. studenten";"Type: Eenpersoonshuishouden";"2024*";"Oude IJsselstreek";31,3;28,8;31,3;28,8;12;16;19;15;12;9;7;4;3;2
"Particuliere huishoudens incl. studenten";"Type: Eenpersoonshuishouden";"2024*";"Ouder-Amstel";;31,3;;31,3;14;12;14;12;11;9;8;6;6;7
"Particuliere huishoudens incl. studenten";"Type: Eenpersoonshuishouden";"2024*";"Oudewater";;32,2;;32,2;8;13;16;14;13;10;8;7;6;5
"Particuliere huishoudens incl. studenten";"Type: Eenpersoonshuishouden";"2024*";"Overbetuwe";33,9;30,5;33,9;30,5;10;13;18;14;11;10;8;7;5;4
"Particuliere huishoudens incl. studenten";"Type: Eenpersoonshuishouden";"2024*";"Papendrecht";34,1;31,3;34,1;31,3;10;14;17;12;12;11;9;7;6;4
"Particuliere huishoudens incl. studenten";"Type: Eenpersoonshuishouden";"2024*";"Peel en Maas";32,2;28,8;32,2;28,8;14;14;19;15;12;9;7;4;3;3
"Particuliere huishoudens incl. studenten";"Type: Eenpersoonshuishouden";"2024*";"Pekela";;27,2;;27,2;16;19;20;15;12;8;5;3;1;1
"Particuliere huishoudens incl. studenten";"Type: Eenpersoonshuishouden";"2024*";"Pijnacker-Nootdorp";36,7;32,8;36,7;32,8;13;10;14;11;11;9;9;8;7;6
"Particuliere huishoudens incl. studenten";"Type: Eenpersoonshuishouden";"2024*";"Purmerend";33,4;29,6;33,3;29,6;12;15;17;13;11;10;8;6;5;3
"Particuliere huishoudens incl. studenten";"Type: Eenpersoonshuishouden";"2024*";"Putten";34;30,5;33,9;30,5;11;14;16;15;13;10;7;6;4;4
"Particuliere huishoudens incl. studenten";"Type: Eenpersoonshuishouden";"2024*";"Raalte";32,7;30,3;32,6;30,3;10;14;17;16;14;9;8;5;4;2
"Particuliere huishoudens incl. studenten";"Type: Eenpersoonshuishouden";"2024*";"Reimerswaal";32,8;29,9;32,8;29,9;13;14;18;14;11;10;8;6;4;3
"Particuliere huishoudens incl. studenten";"Type: Eenpersoonshuishouden";"2024*";"Renkum";36,3;31,6;36,2;31,5;12;13;14;13;12;9;9;6;6;5
"Particuliere huishoudens incl. studenten";"Type: Eenpersoonshuishouden";"2024*";"Renswoude";;;;;;;;;;;;;;
"Particuliere huishoudens incl. studenten";"Type: Eenpersoonshuishouden";"2024*";"Reusel-De Mierden";;31,8;;31,7;10;11;14;16;13;12;10;6;5;4
"Particuliere huishoudens incl. studenten";"Type: Eenpersoonshuishouden";"2024*";"Rheden";31,4;28,4;31,3;28,3;17;15;17;12;11;9;7;5;3;3
"Particuliere huishoudens incl. studenten";"Type: Eenpersoonshuishouden";"2024*";"Rhenen";37,6;30,6;37,5;30,5;12;12;18;14;12;10;7;6;5;4
"Particuliere huishoudens incl. studenten";"Type: Eenpersoonshuishouden";"2024*";"Ridderkerk";33,9;30,3;33,9;30,2;10;14;19;13;11;10;9;6;5;3
"Particuliere huishoudens incl. studenten";"Type: Eenpersoonshuishouden";"2024*";"Rijssen-Holten";35,4;30,2;35,3;30,1;10;15;17;16;12;8;8;6;4;3
"Particuliere huishoudens incl. studenten";"Type: Eenpersoonshuishouden";"2024*";"Rijswijk (ZH.)";33,6;31,1;33,5;31;15;14;14;12;11;10;9;7;6;4
"Particuliere huishoudens incl. studenten";"Type: Eenpersoonshuishouden";"2024*";"Roerdalen";34,6;30,6;34,6;30,5;10;14;18;15;12;11;8;6;4;2
"Particuliere huishoudens incl. studenten";"Type: Eenpersoonshuishouden";"2024*";"Roermond";31,9;28,8;31,8;28,7;13;19;16;14;11;9;7;5;3;3
"Particuliere huishoudens incl. studenten";"Type: Eenpersoonshuishouden";"2024*";"De Ronde Venen";43,4;32,8;43,3;32,8;10;12;14;12;11;10;9;8;7;7
"Particuliere huishoudens incl. studenten";"Type: Eenpersoonshuishouden";"2024*";"Roosendaal";31,8;29,2;31,7;29,2;15;15;17;14;11;9;8;5;4;2
"Particuliere huishoudens incl. studenten";"Type: Eenpersoonshuishouden";"2024*";"Rotterdam";30,5;26,9;30,5;26,8;24;18;12;10;9;7;6;5;4;4
"Particuliere huishoudens incl. studenten";"Type: Eenpersoonshuishouden";"2024*";"Rozendaal";;;;;;;;;;;;;;
"Particuliere huishoudens incl. studenten";"Type: Eenpersoonshuishouden";"2024*";"Rucphen";31,8;28,2;31,8;28,1;14;18;18;14;11;8;7;5;4;2
"Particuliere huishoudens incl. studenten";"Type: Eenpersoonshuishouden";"2024*";"Schagen";34,2;31;34,1;30,9;10;13;17;14;12;10;9;6;5;3
"Particuliere huishoudens incl. studenten";"Type: Eenpersoonshuishouden";"2024*";"Scherpenzeel";;31,9;;31,9;10;11;16;15;13;11;10;7;4;4
"Particuliere huishoudens incl. studenten";"Type: Eenpersoonshuishouden";"2024*";"Schiedam";31,9;29,4;31,9;29,4;15;15;16;12;11;9;8;6;5;3
"Particuliere huishoudens incl. studenten";"Type: Eenpersoonshuishouden";"2024*";"Schiermonnikoog";;;;;;;;;;;;;;
"Particuliere huishoudens incl. studenten";"Type: Eenpersoonshuishouden";"2024*";"Schouwen-Duiveland";34,9;30;34,9;30;11;15;18;14;11;9;8;6;5;4
"Particuliere huishoudens incl. studenten";"Type: Eenpersoonshuishouden";"2024*";"Simpelveld";;29,1;;29,1;10;16;20;15;12;9;7;6;3;2
"Particuliere huishoudens incl. studenten";"Type: Eenpersoonshuishouden";"2024*";"Sint-Michielsgestel";35,2;32;35,1;31,9;10;13;14;14;13;10;9;7;5;5
"Particuliere huishoudens incl. studenten";"Type: Eenpersoonshuishouden";"2024*";"Sittard-Geleen";30,9;28,1;30,9;28,1;16;18;17;14;10;8;7;5;4;3
"Particuliere huishoudens incl. studenten";"Type: Eenpersoonshuishouden";"2024*";"Sliedrecht";32,2;29,6;32,1;29,6;13;15;17;13;12;10;8;6;3;3
"Particuliere huishoudens incl. studenten";"Type: Eenpersoonshuishouden";"2024*";"Sluis";33;29,5;32,9;29,5;14;14;17;14;11;9;7;5;5;3
"Particuliere huishoudens incl. studenten";"Type: Eenpersoonshuishouden";"2024*";"Smallingerland";30,6;28,2;30,5;28,2;16;17;17;14;12;9;7;4;3;2
"Particuliere huishoudens incl. studenten";"Type: Eenpersoonshuishouden";"2024*";"Soest";36,9;32,1;36,8;32;11;12;14;13;12;10;9;7;6;6
"Particuliere huishoudens incl. studenten";"Type: Eenpersoonshuishouden";"2024*";"Someren";;30;;30;12;15;18;13;12;11;8;5;4;3
"Particuliere huishoudens incl. studenten";"Type: Eenpersoonshuishouden";"2024*";"Son en Breugel";;34,8;;34,7;9;10;12;12;12;10;11;9;8;7
"Particuliere huishoudens incl. studenten";"Type: Eenpersoonshuishouden";"2024*";"Stadskanaal";29,1;27;29;27;15;19;22;14;10;8;6;3;2;1
"Particuliere huishoudens incl. studenten";"Type: Eenpersoonshuishouden";"2024*";"Staphorst";;30,5;;30,5;14;12;16;14;13;10;8;6;4;3
"Particuliere huishoudens incl. studenten";"Type: Eenpersoonshuishouden";"2024*";"Stede Broec";32,4;29,5;32,3;29,4;11;14;20;15;12;10;8;5;3;2
"Particuliere huishoudens incl. studenten";"Type: Eenpersoonshuishouden";"2024*";"Steenbergen";33;29,3;32,9;29,3;12;14;20;14;11;9;8;5;4;3
"Particuliere huishoudens incl. studenten";"Type: Eenpersoonshuishouden";"2024*";"Steenwijkerland";32,6;29;32,6;29;13;15;18;14;12;9;7;5;4;3
"Particuliere huishoudens incl. studenten";"Type: Eenpersoonshuishouden";"2024*";"Stein (L.)";33;30,1;33;30,1;8;15;19;15;12;10;9;5;4;3
"Particuliere huishoudens incl. studenten";"Type: Eenpersoonshuishouden";"2024*";"Stichtse Vecht";37,6;31,6;37,5;31,6;12;11;15;13;11;10;8;7;6;6
"Particuliere huishoudens incl. studenten";"Type: Eenpersoonshuishouden";"2024*";"Súdwest-Fryslân";31,8;29,1;31,7;29,1;14;15;17;14;11;10;7;5;4;3
"Particuliere huishoudens incl. studenten";"Type: Eenpersoonshuishouden";"2024*";"Terneuzen";32,5;30;32,5;30;13;15;16;13;11;10;8;6;4;3
"Particuliere huishoudens incl. studenten";"Type: Eenpersoonshuishouden";"2024*";"Terschelling";;26,5;;26,4;30;13;14;10;9;6;6;5;4;4
"Particuliere huishoudens incl. studenten";"Type: Eenpersoonshuishouden";"2024*";"Texel";33,6;29,9;33,5;29,9;12;12;19;15;13;9;7;5;4;3
"Particuliere huishoudens incl. studenten";"Type: Eenpersoonshuishouden";"2024*";"Teylingen";37,7;32,6;37,6;32,6;10;11;14;13;12;11;8;7;6;6
"Particuliere huishoudens incl. studenten";"Type: Eenpersoonshuishouden";"2024*";"Tholen";32,3;29,5;32,3;29,5;12;14;20;13;12;10;9;6;4;2
"Particuliere huishoudens incl. studenten";"Type: Eenpersoonshuishouden";"2024*";"Tiel";31,7;28,8;31,6;28,8;14;16;17;14;11;9;7;5;4;2
"Particuliere huishoudens incl. studenten";"Type: Eenpersoonshuishouden";"2024*";"Tilburg";28,3;26,8;28,3;26,8;27;14;14;12;10;7;6;4;3;2
"Particuliere huishoudens incl. studenten";"Type: Eenpersoonshuishouden";"2024*";"Tubbergen";;29,6;;29,6;11;15;17;17;13;9;7;5;3;2
"Particuliere huishoudens incl. studenten";"Type: Eenpersoonshuishouden";"2024*";"Twenterand";31,4;28,5;31,2;28,5;11;16;21;15;12;9;7;4;3;2
"Particuliere huishoudens incl. studenten";"Type: Eenpersoonshuishouden";"2024*";"Tynaarlo";34,5;31,6;34,4;31,6;12;12;14;14;11;10;9;7;5;5
"Particuliere huishoudens incl. studenten";"Type: Eenpersoonshuishouden";"2024*";"Tytsjerksteradiel";34,4;30;34,3;30;12;13;17;14;13;11;8;6;3;2
"Particuliere huishoudens incl. studenten";"Type: Eenpersoonshuishouden";"2024*";"Uitgeest";;33,5;;33,5;8;12;13;13;14;11;10;8;6;5
"Particuliere huishoudens incl. studenten";"Type: Eenpersoonshuishouden";"2024*";"Uithoorn";34,8;31,3;34,8;31,3;11;12;16;13;12;10;9;7;6;5
"Particuliere huishoudens incl. studenten";"Type: Eenpersoonshuishouden";"2024*";"Urk";;29,6;;29,6;12;14;19;13;13;12;7;5;4;2
"Particuliere huishoudens incl. studenten";"Type: Eenpersoonshuishouden";"2024*";"Utrecht (gemeente)";30,3;27,7;30,3;27,7;30;12;9;10;10;8;7;6;5;4
"Particuliere huishoudens incl. studenten";"Type: Eenpersoonshuishouden";"2024*";"Utrechtse Heuvelrug";35,4;31,2;35,3;31,1;15;12;14;12;10;9;9;7;6;6
"Particuliere huishoudens incl. studenten";"Type: Eenpersoonshuishouden";"2024*";"Vaals";;26,5;;26,5;20;20;18;13;9;7;5;3;2;2
"Particuliere huishoudens incl. studenten";"Type: Eenpersoonshuishouden";"2024*";"Valkenburg aan de Geul";33;29;32,9;29;13;15;19;14;10;9;7;5;5;4
"Particuliere huishoudens incl. studenten";"Type: Eenpersoonshuishouden";"2024*";"Valkenswaard";34,3;30,4;34,2;30,4;11;13;17;14;12;9;8;6;4;4
"Particuliere huishoudens incl. studenten";"Type: Eenpersoonshuishouden";"2024*";"Veendam";29,8;27,6;29,8;27,6;15;18;20;13;10;8;8;4;3;2
"Particuliere huishoudens incl. studenten";"Type: Eenpersoonshuishouden";"2024*";"Veenendaal";33,2;30;33,2;30;11;16;17;13;12;10;8;6;5;3
"Particuliere huishoudens incl. studenten";"Type: Eenpersoonshuishouden";"2024*";"Veere";35,7;32,1;35,6;32;11;11;14;14;13;9;10;7;5;5
"Particuliere huishoudens incl. studenten";"Type: Eenpersoonshuishouden";"2024*";"Veldhoven";36,7;32,6;36,7;32,5;9;12;15;12;13;10;9;7;6;6
"Particuliere huishoudens incl. studenten";"Type: Eenpersoonshuishouden";"2024*";"Velsen";33,1;30,1;33,1;30,1;14;14;16;13;12;9;8;7;5;4
"Particuliere huishoudens incl. studenten";"Type: Eenpersoonshuishouden";"2024*";"Venlo";31,2;28;31,2;28;16;17;18;14;11;9;6;4;3;2
"Particuliere huishoudens incl. studenten";"Type: Eenpersoonshuishouden";"2024*";"Venray";32,6;29,1;32,6;29,1;13;15;18;15;12;9;7;5;3;3
"Particuliere huishoudens incl. studenten";"Type: Eenpersoonshuishouden";"2024*";"Vijfheerenlanden";34,1;30,5;34;30,5;11;14;17;14;12;10;8;6;5;4
"Particuliere huishoudens incl. studenten";"Type: Eenpersoonshuishouden";"2024*";"Vlaardingen";31,7;28,7;31,6;28,7;15;16;17;13;11;9;7;5;4;2
"Particuliere huishoudens incl. studenten";"Type: Eenpersoonshuishouden";"2024*";"Vlieland";;;;;;;;;;;;;;
"Particuliere huishoudens incl. studenten";"Type: Eenpersoonshuishouden";"2024*";"Vlissingen";30,4;28,4;30,3;28,3;18;15;16;13;10;9;8;6;4;2
"Particuliere huishoudens incl. studenten";"Type: Eenpersoonshuishouden";"2024*";"Voerendaal";;31,1;;31,1;9;12;19;14;11;10;9;7;5;4
"Particuliere huishoudens incl. studenten";"Type: Eenpersoonshuishouden";"2024*";"Voorne aan Zee";37;32,5;36,8;32,4;12;12;15;11;11;9;10;8;8;6
"Particuliere huishoudens incl. studenten";"Type: Eenpersoonshuishouden";"2024*";"Voorschoten";37,3;33,9;37,3;33,8;11;10;13;12;12;10;10;8;7;8
"Particuliere huishoudens incl. studenten";"Type: Eenpersoonshuishouden";"2024*";"Voorst";33,4;29,9;33,4;29,9;12;14;17;16;12;8;8;6;4;3
"Particuliere huishoudens incl. studenten";"Type: Eenpersoonshuishouden";"2024*";"Vught";48,9;31,3;48,9;31,3;11;13;17;13;11;9;8;7;5;6
"Particuliere huishoudens incl. studenten";"Type: Eenpersoonshuishouden";"2024*";"Waadhoeke";31,4;29,4;31,3;29,4;13;15;17;15;12;11;7;5;3;2
"Particuliere huishoudens incl. studenten";"Type: Eenpersoonshuishouden";"2024*";"Waalre";39;34,3;38,9;34,3;9;11;13;11;11;10;10;9;7;9
"Particuliere huishoudens incl. studenten";"Type: Eenpersoonshuishouden";"2024*";"Waalwijk";32;28,4;32;28,4;14;16;19;14;11;8;7;5;4;3
"Particuliere huishoudens incl. studenten";"Type: Eenpersoonshuishouden";"2024*";"Waddinxveen";33,8;31,3;33,7;31,3;12;14;15;12;12;11;8;7;5;4
"Particuliere huishoudens incl. studenten";"Type: Eenpersoonshuishouden";"2024*";"Wageningen";21,1;18,5;21,1;18,5;52;8;9;8;7;5;4;3;2;2
"Particuliere huishoudens incl. studenten";"Type: Eenpersoonshuishouden";"2024*";"Wassenaar";51;32,6;50,9;32,6;14;13;13;10;9;8;7;7;7;13
"Particuliere huishoudens incl. studenten";"Type: Eenpersoonshuishouden";"2024*";"Waterland";39,2;33;39,1;32,9;11;12;13;13;11;10;11;7;6;7
"Particuliere huishoudens incl. studenten";"Type: Eenpersoonshuishouden";"2024*";"Weert";32,5;29,7;32,4;29,7;12;16;17;14;12;9;8;5;4;3
"Particuliere huishoudens incl. studenten";"Type: Eenpersoonshuishouden";"2024*";"West Betuwe";35,1;31,1;35;31,1;11;13;17;13;11;10;8;7;5;5
"Particuliere huishoudens incl. studenten";"Type: Eenpersoonshuishouden";"2024*";"West Maas en Waal";33,2;30;33,1;30;11;14;18;15;11;10;8;6;4;3
"Particuliere huishoudens incl. studenten";"Type: Eenpersoonshuishouden";"2024*";"Westerkwartier";32,1;29,4;32;29,4;12;15;18;14;12;10;8;5;4;2
"Particuliere huishoudens incl. studenten";"Type: Eenpersoonshuishouden";"2024*";"Westerveld";36,2;31;36,2;30,9;11;14;16;13;12;10;8;6;5;5
"Particuliere huishoudens incl. studenten";"Type: Eenpersoonshuishouden";"2024*";"Westervoort";;29,1;;29,1;14;17;17;13;12;9;8;6;3;2
"Particuliere huishoudens incl. studenten";"Type: Eenpersoonshuishouden";"2024*";"Westerwolde";30,9;27,8;30,9;27,8;13;19;20;13;11;8;7;4;3;2
"Particuliere huishoudens incl. studenten";"Type: Eenpersoonshuishouden";"2024*";"Westland";35,4;29,7;35,3;29,7;13;13;19;13;12;9;8;6;5;4
"Particuliere huishoudens incl. studenten";"Type: Eenpersoonshuishouden";"2024*";"Weststellingwerf";30,8;28,3;30,7;28,2;13;17;20;14;12;9;6;4;3;2
"Particuliere huishoudens incl. studenten";"Type: Eenpersoonshuishouden";"2024*";"Wierden";43,8;30,8;43,8;30,7;10;13;17;15;13;11;8;6;4;3
"Particuliere huishoudens incl. studenten";"Type: Eenpersoonshuishouden";"2024*";"Wijchen";32,8;29,8;32,8;29,8;11;16;18;13;12;9;8;6;4;4
"Particuliere huishoudens incl. studenten";"Type: Eenpersoonshuishouden";"2024*";"Wijdemeren";44,4;32;44,3;31,9;10;13;14;13;11;9;8;7;7;8
"Particuliere huishoudens incl. studenten";"Type: Eenpersoonshuishouden";"2024*";"Wijk bij Duurstede";35,3;32,4;35,3;32,3;9;11;16;13;12;10;9;8;5;5
"Particuliere huishoudens incl. studenten";"Type: Eenpersoonshuishouden";"2024*";"Winterswijk";31,5;29,2;31,5;29,2;13;16;17;16;13;10;8;4;3;2
"Particuliere huishoudens incl. studenten";"Type: Eenpersoonshuishouden";"2024*";"Woensdrecht";34,5;31,2;34,5;31,2;12;13;15;14;12;10;9;7;5;4
"Particuliere huishoudens incl. studenten";"Type: Eenpersoonshuishouden";"2024*";"Woerden";35,5;32;35,5;31,9;11;12;14;13;12;11;9;7;6;5
"Particuliere huishoudens incl. studenten";"Type: Eenpersoonshuishouden";"2024*";"De Wolden";33,6;30,8;33,5;30,8;12;12;16;14;12;11;8;6;4;4
"Particuliere huishoudens incl. studenten";"Type: Eenpersoonshuishouden";"2024*";"Wormerland";;30,4;;30,4;10;14;17;15;11;9;9;7;4;3
"Particuliere huishoudens incl. studenten";"Type: Eenpersoonshuishouden";"2024*";"Woudenberg";;32,5;;32,5;8;10;16;15;15;10;9;7;6;4
"Particuliere huishoudens incl. studenten";"Type: Eenpersoonshuishouden";"2024*";"Zaanstad";32,3;29,3;32,3;29,3;13;17;16;13;11;9;8;6;5;3
"Particuliere huishoudens incl. studenten";"Type: Eenpersoonshuishouden";"2024*";"Zaltbommel";33,8;29,4;33,7;29,4;12;15;19;13;11;9;7;6;4;4
"Particuliere huishoudens incl. studenten";"Type: Eenpersoonshuishouden";"2024*";"Zandvoort";36,6;29,7;36,5;29,7;14;17;14;12;9;9;7;6;5;6
"Particuliere huishoudens incl. studenten";"Type: Eenpersoonshuishouden";"2024*";"Zeewolde";33,2;30,3;33,1;30,3;13;11;17;15;12;9;8;6;5;3
"Particuliere huishoudens incl. studenten";"Type: Eenpersoonshuishouden";"2024*";"Zeist";37,1;29,4;37;29,4;19;14;14;11;10;9;7;6;5;6
"Particuliere huishoudens incl. studenten";"Type: Eenpersoonshuishouden";"2024*";"Zevenaar";32,5;29,3;32,5;29,3;12;15;19;15;11;10;8;5;3;2
"Particuliere huishoudens incl. studenten";"Type: Eenpersoonshuishouden";"2024*";"Zoetermeer";34,1;31,6;34,1;31,5;11;14;15;12;12;11;9;7;5;4
"Particuliere huishoudens incl. studenten";"Type: Eenpersoonshuishouden";"2024*";"Zoeterwoude";;33,4;;33,4;9;9;13;14;15;12;10;8;6;5
"Particuliere huishoudens incl. studenten";"Type: Eenpersoonshuishouden";"2024*";"Zuidplas";40;31,7;39,9;31,7;11;12;16;13;11;9;9;7;6;6
"Particuliere huishoudens incl. studenten";"Type: Eenpersoonshuishouden";"2024*";"Zundert";33,5;30,5;33,5;30,4;13;12;16;16;13;9;8;6;4;3
"Particuliere huishoudens incl. studenten";"Type: Eenpersoonshuishouden";"2024*";"Zutphen";31,9;29,1;31,8;29;13;17;16;13;11;9;8;6;4;3
"Particuliere huishoudens incl. studenten";"Type: Eenpersoonshuishouden";"2024*";"Zwartewaterland";;30,5;;30,5;10;14;18;14;13;11;8;5;4;3
"Particuliere huishoudens incl. studenten";"Type: Eenpersoonshuishouden";"2024*";"Zwijndrecht";33,5;29,8;33,4;29,8;11;15;18;13;11;10;8;6;4;3
"Particuliere huishoudens incl. studenten";"Type: Eenpersoonshuishouden";"2024*";"Zwolle";31,5;28,6;31,4;28,6;19;15;14;12;11;8;7;5;4;3
